1,Push-up,Chest,None,level_exercise.Beginner,https://www.youtube.com/watch?v=_l3ySVKYVJ8,3,12,0
2,Pull-up,Back,Pull-up bar,level_exercise.Intermediate,https://www.youtube.com/watch?v=eGo4IYlbE5g,4,10,0
3,Squat,Legs,None,level_exercise.Beginner,https://www.youtube.com/watch?v=aclHkVaku9U,3,15,0
4,Deadlift,Full body,Barbell,level_exercise.Advanced,https://www.youtube.com/watch?v=op9kVnSso6Q,5,5,80
5,Shoulder Press,Shoulders,Dumbbells,level_exercise.Intermediate,https://www.youtube.com/watch?v=B-aVuyhvLHU,4,10,15
